Age,Department,JobRole,MonthlyIncome,JobSatisfaction,EnvironmentSatisfaction,WorkLifeBalance,YearsAtCompany,YearsInCurrentRole,OverTime,JobInvolvement,PerformanceRating,DistanceFromHome,TrainingTimesLastYear,NumCompaniesWorked,Actual_Attrition,Risk_Score,Risk_Category
54,2,1,59700,3,4,4,8,11,0,2,4,10,4,0,0,33.5,Medium Risk
49,1,0,43624,3,2,4,6,6,0,4,4,17,4,5,0,17.0,Low Risk
34,3,0,115417,4,3,1,16,3,1,2,1,17,6,0,1,61.5,High Risk
24,4,0,30695,3,4,1,5,0,0,1,1,38,2,4,1,59.0,Medium Risk
23,1,2,59057,2,4,1,9,11,0,2,3,11,6,7,1,71.5,High Risk
53,4,0,105072,1,2,1,2,1,0,2,4,18,3,9,1,87.5,High Risk
32,1,1,125766,2,3,1,14,7,0,4,4,16,3,9,1,44.5,Medium Risk
47,1,1,50517,3,3,1,19,9,0,2,2,23,6,0,0,42.0,Medium Risk
30,2,3,139912,1,2,3,10,11,0,4,2,34,1,1,0,84.0,High Risk
49,3,3,95744,2,2,4,1,11,0,2,2,1,0,0,1,74.5,High Risk
34,4,1,108136,3,3,1,8,4,0,4,3,29,6,3,1,21.5,Low Risk
43,0,4,142865,4,4,4,15,2,0,1,4,21,4,1,0,25.0,Low Risk
40,0,4,50491,3,4,3,9,4,0,4,3,18,1,7,0,12.0,Low Risk
59,3,4,51177,3,2,1,14,8,0,1,4,4,0,1,0,41.0,Medium Risk
46,2,1,94497,3,4,4,16,9,0,3,3,1,4,9,0,13.0,Low Risk
55,0,3,142946,1,4,4,8,1,0,3,1,9,6,4,1,58.0,Medium Risk
44,1,3,145735,4,2,3,19,6,0,1,1,18,6,6,0,47.0,Medium Risk
31,0,4,113302,1,1,4,8,3,0,3,3,15,0,0,0,50.5,Medium Risk
22,4,2,77999,3,3,3,1,4,0,2,2,6,3,7,0,54.0,Medium Risk
48,0,2,26961,3,4,3,8,1,0,3,2,35,4,3,0,33.0,Medium Risk
33,3,5,27537,3,3,2,13,0,0,1,4,23,0,5,0,43.5,Medium Risk
26,0,4,117868,1,4,1,0,4,1,4,2,25,4,9,1,90.0,High Risk
59,3,2,50380,2,1,2,1,1,1,2,2,19,3,7,1,91.5,High Risk
36,3,4,39079,1,2,4,12,2,1,2,2,22,0,6,1,76.0,High Risk
22,4,1,61607,2,4,3,11,0,0,4,3,14,5,0,1,39.5,Medium Risk
45,2,0,46438,2,2,2,18,11,1,2,4,39,3,3,1,90.0,High Risk
46,4,1,27775,1,4,1,7,2,0,2,4,22,0,9,1,72.0,High Risk
30,4,0,148416,1,4,2,11,2,1,1,2,22,5,8,1,75.0,High Risk
23,0,2,132049,3,1,4,0,2,1,4,1,26,3,2,1,61.5,High Risk
40,0,5,132340,2,2,4,16,5,0,3,1,36,6,0,1,70.5,High Risk
34,2,0,85294,1,1,1,14,7,1,3,3,39,4,2,1,90.0,High Risk
53,2,4,83870,3,3,4,12,4,1,3,3,21,4,0,0,26.5,Low Risk
57,0,3,114499,3,1,2,0,9,0,2,2,22,1,0,0,57.5,Medium Risk
54,4,5,28748,3,1,1,2,4,0,1,2,28,5,2,0,63.0,High Risk
45,1,3,44610,4,2,4,6,6,1,2,3,34,1,2,1,72.0,High Risk
36,4,3,88293,3,2,1,19,4,1,3,2,24,2,6,1,73.0,High Risk
45,0,1,60733,4,2,4,8,5,0,2,2,7,3,5,1,38.0,Medium Risk
53,2,4,70066,1,2,2,2,11,1,4,2,24,6,5,1,88.0,High Risk
44,3,0,47908,4,3,3,8,0,1,4,4,36,4,7,1,59.0,Medium Risk
47,0,1,63230,1,4,1,8,6,1,1,1,5,6,1,1,82.5,High Risk
25,2,3,25917,2,4,2,15,8,0,4,4,22,6,1,0,54.0,Medium Risk
48,3,4,60303,1,2,3,19,7,1,2,4,32,4,1,1,81.0,High Risk
52,0,4,68116,1,1,4,13,4,0,2,1,1,6,3,0,62.0,High Risk
38,3,2,68646,4,2,3,13,4,1,4,3,30,3,6,1,73.0,High Risk
33,4,0,73443,1,2,1,10,0,0,4,2,13,1,5,1,59.5,Medium Risk
52,3,1,30877,1,3,1,15,5,0,2,2,17,4,5,1,78.5,High Risk
43,3,3,81561,1,1,3,4,9,1,4,3,28,5,1,1,79.5,High Risk
56,1,2,147650,1,3,1,11,10,0,2,3,20,2,3,1,61.5,High Risk
34,2,3,130299,4,1,1,16,0,1,2,2,21,5,3,1,73.5,High Risk
46,1,2,122512,3,4,4,6,5,0,1,4,23,4,1,0,26.5,Low Risk
44,3,1,74223,2,2,2,13,5,0,2,3,9,0,3,1,76.5,High Risk
29,4,5,64019,1,3,1,11,11,0,4,1,20,6,8,0,57.5,Medium Risk
37,1,5,77347,1,1,3,11,11,1,1,4,38,1,4,1,86.5,High Risk
40,0,0,129272,2,4,3,19,0,1,4,4,28,3,1,1,68.5,High Risk
35,0,3,93895,3,3,4,0,3,0,1,2,15,5,6,1,50.0,Medium Risk
56,0,0,128124,1,4,4,2,11,1,4,2,27,0,8,1,83.5,High Risk
50,3,0,50901,2,3,3,11,2,1,3,1,25,2,2,0,72.5,High Risk
48,0,3,101384,4,3,1,14,10,1,2,2,2,3,4,1,66.0,High Risk
57,3,2,121143,3,3,4,15,3,0,3,4,23,0,4,0,19.5,Low Risk
26,4,0,79745,1,2,2,12,11,1,1,4,3,2,7,1,89.5,High Risk
38,2,5,140662,3,1,2,0,7,0,3,2,7,1,0,0,46.5,Medium Risk
40,2,4,82980,3,4,4,5,8,1,4,1,23,3,6,1,50.0,Medium Risk
52,1,4,86587,4,2,2,6,9,1,2,1,1,5,6,0,72.5,High Risk
21,0,0,29621,3,4,2,12,5,0,4,1,26,0,2,0,31.0,Medium Risk
43,0,3,54932,4,2,1,4,9,1,1,4,4,1,3,1,61.0,High Risk
57,1,1,68169,4,2,4,13,4,1,4,2,35,3,1,1,48.5,Medium Risk
35,3,0,87780,2,1,3,6,11,1,1,2,13,6,9,1,84.0,High Risk
42,1,4,137025,1,1,4,19,1,0,3,3,25,1,6,1,50.5,Medium Risk
43,1,3,139817,4,2,2,16,9,1,3,2,17,4,6,1,67.0,High Risk
38,4,2,30313,3,4,3,5,3,1,4,1,10,5,6,0,54.5,Medium Risk
23,0,4,147275,3,4,3,11,3,1,1,1,9,3,7,1,56.5,Medium Risk
28,2,3,42369,4,3,4,0,9,1,4,4,17,0,2,0,64.5,High Risk
42,0,1,110824,4,3,4,8,3,0,4,4,34,4,8,0,28.0,Low Risk
48,1,5,45316,1,3,1,6,10,0,3,1,15,2,2,1,56.0,Medium Risk
51,3,4,140303,1,4,1,0,2,1,3,1,38,1,7,1,87.0,High Risk
59,3,4,109486,3,2,1,8,11,1,1,2,4,3,0,1,62.5,High Risk
43,0,3,148220,1,4,2,19,6,0,2,1,24,4,6,1,68.0,High Risk
53,4,4,100139,4,2,4,12,1,0,1,1,35,2,2,0,41.5,Medium Risk
24,2,3,120961,3,4,2,6,3,1,4,1,35,3,6,0,68.0,High Risk
46,4,5,77113,1,2,4,19,2,0,1,4,10,1,5,0,57.0,Medium Risk
45,2,3,109214,3,4,2,1,10,0,4,1,11,6,7,0,48.5,Medium Risk
35,1,0,130141,2,3,2,16,10,0,4,3,2,4,9,1,39.0,Medium Risk
40,2,3,35692,2,4,4,14,6,1,2,4,15,2,8,1,72.0,High Risk
40,2,3,72574,1,3,1,4,6,1,2,1,26,5,5,1,90.0,High Risk
58,2,3,86584,2,4,3,9,3,1,2,3,27,6,7,0,80.0,High Risk
51,2,1,68461,3,3,3,5,11,1,1,1,9,2,0,0,51.5,Medium Risk
49,3,3,44053,2,4,3,7,5,1,2,4,21,4,5,1,71.5,High Risk
48,0,4,135695,1,3,1,10,7,1,3,3,11,1,1,1,66.0,High Risk
56,1,1,122137,3,3,1,14,0,1,1,3,36,0,1,1,75.0,High Risk
49,1,2,102273,4,4,4,9,10,1,1,2,28,6,9,0,62.0,High Risk
51,0,1,92753,4,2,4,11,0,1,4,4,25,4,6,0,61.5,High Risk
51,4,4,62952,1,1,4,6,9,0,3,3,22,1,5,0,56.5,Medium Risk
48,0,3,95427,3,1,4,1,4,1,3,3,20,5,4,0,65.0,High Risk
53,3,3,141841,3,4,4,13,5,0,2,4,3,5,5,1,37.0,Medium Risk
54,0,0,98922,2,1,4,14,4,1,2,2,3,3,4,1,81.0,High Risk
33,3,5,146987,2,2,2,1,6,0,1,3,21,4,7,1,82.0,High Risk
46,4,5,75248,2,1,3,7,3,0,4,1,8,6,0,0,45.5,Medium Risk
31,1,3,56349,2,3,1,10,5,0,2,2,20,5,4,1,69.5,High Risk
48,4,5,48559,2,3,1,5,5,1,3,2,29,5,9,1,82.0,High Risk
59,3,2,89418,2,2,2,12,3,0,2,3,19,3,2,0,73.5,High Risk
22,4,1,115022,3,3,2,6,3,0,2,4,21,5,0,0,50.5,Medium Risk
36,1,5,105357,3,4,1,5,1,1,1,4,36,3,1,0,66.0,High Risk
47,2,5,42046,3,2,3,10,10,0,4,2,34,0,8,0,30.5,Medium Risk
24,4,5,99640,4,3,3,6,6,1,1,4,32,1,0,0,64.5,High Risk
45,3,1,115695,2,4,2,12,8,1,1,2,19,0,3,1,72.0,High Risk
52,3,4,98648,4,1,2,18,2,0,1,4,19,6,2,1,36.5,Medium Risk
31,4,1,77509,1,4,4,9,9,1,3,3,8,5,5,1,70.5,High Risk
42,1,4,65317,3,4,1,17,4,1,1,3,4,4,6,1,59.0,Medium Risk
42,2,2,103672,2,1,2,8,11,0,4,3,25,6,2,1,72.0,High Risk
37,1,0,58654,3,1,4,18,5,1,3,1,21,0,1,0,48.0,Medium Risk
31,0,4,59314,2,1,4,2,1,0,3,4,33,2,6,1,75.0,High Risk
58,2,0,26587,4,1,1,11,10,1,3,1,3,4,0,1,46.0,Medium Risk
37,4,0,66185,3,4,2,1,11,0,3,1,21,3,5,0,53.0,Medium Risk
27,4,0,108829,3,4,2,3,11,1,2,3,7,4,4,1,59.5,Medium Risk
37,1,3,129817,1,3,1,9,9,1,4,4,22,0,4,0,68.5,High Risk
21,0,1,120745,3,4,2,16,8,1,3,1,11,1,8,0,41.5,Medium Risk
43,3,3,126607,4,3,4,12,10,0,4,3,31,0,2,0,26.5,Low Risk
28,3,0,57551,2,3,3,19,9,0,1,4,18,1,0,0,62.0,High Risk
45,3,3,41626,1,3,4,12,0,0,4,2,18,5,7,0,38.0,Medium Risk
36,2,3,69673,3,1,2,5,11,0,4,4,16,0,1,0,29.0,Low Risk
46,0,2,142551,3,2,2,17,5,1,2,4,12,3,0,1,71.0,High Risk
53,4,4,75113,1,2,2,19,2,0,1,2,11,0,4,0,58.0,Medium Risk
29,1,3,31901,4,2,4,6,0,0,3,2,37,6,1,1,35.5,Medium Risk
51,0,0,67222,3,2,1,13,8,0,1,3,39,4,1,0,52.5,Medium Risk
53,3,3,50566,2,4,4,10,1,1,4,2,16,0,7,1,59.5,Medium Risk
52,1,2,81583,1,3,3,13,8,1,3,2,27,4,7,1,85.0,High Risk
48,0,4,122783,4,3,2,9,3,1,4,4,20,1,2,0,37.5,Medium Risk
24,1,4,30454,2,4,3,15,10,0,4,2,6,5,8,0,46.0,Medium Risk
55,1,5,131643,1,3,2,15,5,0,2,1,35,4,9,1,83.5,High Risk
35,0,1,29627,3,4,3,1,10,0,1,4,7,5,8,0,50.5,Medium Risk
22,1,3,52526,3,4,4,12,3,1,3,2,13,3,0,0,38.0,Medium Risk
36,1,1,40408,1,3,1,3,10,1,2,3,15,2,2,1,85.5,High Risk
52,0,4,113151,3,4,1,3,1,1,3,4,7,5,7,1,48.0,Medium Risk
24,4,1,38269,2,1,3,1,4,0,3,2,4,2,0,1,59.0,Medium Risk
36,4,2,58776,3,1,1,12,0,1,4,3,13,2,6,0,59.5,Medium Risk
55,0,3,55676,4,4,3,10,6,0,4,2,37,0,7,0,38.5,Medium Risk
29,2,4,95014,3,2,4,5,11,1,2,3,35,4,2,0,68.5,High Risk
37,2,1,138502,4,4,2,17,7,0,2,3,27,6,3,0,34.0,Medium Risk
43,0,5,79567,2,4,4,4,11,1,2,3,2,6,1,1,74.0,High Risk
31,4,4,120381,1,2,3,8,9,0,3,1,5,0,8,1,62.5,High Risk
54,0,3,45354,1,4,3,16,10,1,2,3,37,6,3,1,81.0,High Risk
35,4,3,146724,2,2,4,12,8,0,2,3,14,6,5,1,71.5,High Risk
57,0,0,29686,3,4,4,4,3,1,4,4,16,0,3,0,41.5,Medium Risk
48,2,4,100485,1,1,2,4,5,0,1,2,19,4,7,1,94.0,High Risk
44,4,3,34941,2,1,2,10,10,1,4,3,6,5,6,1,89.0,High Risk
41,0,1,43443,3,1,4,17,0,1,1,4,13,4,0,1,59.5,Medium Risk
52,0,1,29922,2,3,4,14,8,1,1,1,15,6,9,0,79.5,High Risk
24,2,0,147564,2,2,1,5,9,0,1,1,11,0,0,0,68.0,High Risk
45,3,2,145617,1,2,1,7,10,1,4,1,13,3,0,1,73.0,High Risk
28,0,0,54631,4,4,2,15,10,1,1,3,33,1,1,0,71.0,High Risk
43,3,2,92568,1,1,1,16,11,0,1,1,14,2,9,1,84.0,High Risk
26,0,2,107895,2,4,1,13,7,1,4,1,3,0,7,1,71.5,High Risk
29,1,4,111210,3,2,3,18,5,1,1,3,27,5,0,0,65.5,High Risk
50,4,0,91706,3,3,3,0,8,0,2,3,24,6,0,0,38.0,Medium Risk
27,1,5,76033,4,3,4,17,9,0,2,3,2,1,1,0,23.5,Low Risk
33,0,5,145562,3,3,3,1,4,1,4,2,9,5,3,1,62.0,High Risk
47,1,3,85652,4,1,1,17,2,0,1,3,13,5,8,1,52.5,Medium Risk
23,4,1,97742,3,4,3,1,8,0,1,4,4,0,6,0,49.0,Medium Risk
41,4,5,57766,1,4,3,5,5,1,1,4,15,4,8,1,76.0,High Risk
34,1,1,108055,2,4,1,4,2,1,4,4,25,3,0,1,77.5,High Risk
26,4,1,115071,1,3,4,16,0,0,2,1,4,4,8,0,63.0,High Risk
23,3,4,111694,2,4,2,15,5,1,3,4,2,6,8,1,68.0,High Risk
28,4,3,39334,1,2,4,1,6,0,3,1,4,3,0,0,64.0,High Risk
28,0,5,66198,3,2,1,14,9,1,3,1,9,6,4,0,65.5,High Risk
31,2,4,138237,4,4,2,1,9,0,2,4,37,2,8,1,60.0,High Risk
21,4,1,31782,4,1,4,4,8,0,3,2,1,3,1,0,31.5,Medium Risk
31,3,1,71999,1,4,3,14,11,1,4,4,27,1,7,0,81.5,High Risk
40,2,2,133383,3,4,4,16,10,0,4,4,5,0,0,0,17.5,Low Risk
41,3,0,96196,3,3,3,5,0,0,3,4,38,5,1,0,22.5,Low Risk
21,0,5,127020,1,4,2,11,0,1,4,1,11,0,4,1,67.5,High Risk
58,1,1,86899,1,2,2,11,10,1,3,4,24,1,9,1,80.0,High Risk
47,4,5,110166,2,3,3,12,9,1,1,3,17,5,6,1,80.0,High Risk
48,2,0,119813,1,1,1,5,9,1,4,1,15,6,8,1,81.5,High Risk
51,4,0,35878,1,3,2,8,7,1,2,2,28,3,8,1,92.0,High Risk
24,0,3,142018,2,2,3,11,8,1,3,2,5,3,1,1,74.5,High Risk
46,1,3,83160,4,1,4,16,6,1,1,3,10,3,7,1,71.5,High Risk
53,3,4,26051,1,2,2,15,6,0,4,3,4,0,3,0,54.0,Medium Risk
22,0,5,76493,2,2,3,15,3,0,3,1,34,6,1,1,64.0,High Risk
55,4,0,30741,3,1,4,17,8,0,1,2,32,5,2,0,38.0,Medium Risk
35,1,4,98034,1,3,4,18,7,0,3,4,37,5,5,0,66.5,High Risk
47,3,0,133577,2,4,1,3,0,1,4,2,39,4,5,0,79.5,High Risk
51,3,5,123300,1,2,4,18,6,0,2,4,21,6,0,0,50.5,Medium Risk
58,2,1,39719,4,4,3,9,7,0,2,1,31,4,8,1,28.5,Low Risk
21,1,0,88185,2,3,2,6,10,0,4,4,18,0,7,1,52.5,Medium Risk
27,3,5,146316,3,3,1,9,6,1,1,4,21,6,6,0,69.0,High Risk
40,3,5,100426,1,3,2,7,6,1,4,2,30,5,9,1,91.0,High Risk
40,3,2,130232,3,4,1,1,9,1,3,1,28,6,0,1,57.5,Medium Risk
39,0,2,118332,4,2,4,5,7,0,3,2,12,3,9,0,11.0,Low Risk
28,4,1,38233,2,4,2,8,2,0,3,1,35,6,1,1,56.0,Medium Risk
44,2,3,29131,3,1,3,9,5,1,2,4,34,5,6,1,67.5,High Risk
25,3,3,53992,3,1,4,2,2,0,4,2,31,6,9,1,54.5,Medium Risk
51,2,5,62099,4,4,1,5,11,0,3,3,26,3,1,1,33.5,Medium Risk
53,1,1,96386,3,4,1,18,6,0,4,3,35,2,5,0,42.5,Medium Risk
39,4,2,135107,2,2,3,13,2,1,4,4,13,4,6,1,69.5,High Risk
44,3,4,71335,3,1,4,16,9,0,2,2,11,1,8,0,31.0,Medium Risk
43,3,0,79786,1,3,4,12,8,0,4,1,7,0,9,0,46.0,Medium Risk
28,1,4,69825,2,2,2,6,6,1,4,2,28,0,1,1,86.0,High Risk
52,1,5,63862,3,3,4,4,0,0,4,2,6,1,5,0,23.0,Low Risk
30,2,3,36669,4,3,2,11,6,1,4,1,17,3,2,1,34.0,Medium Risk
25,1,5,130835,1,4,3,11,8,0,1,4,10,3,8,0,51.0,Medium Risk
46,3,1,75818,3,2,3,18,10,0,3,1,9,5,0,0,29.0,Low Risk
29,3,2,85006,3,3,3,13,2,1,2,3,35,0,1,0,66.5,High Risk
32,0,2,44601,3,3,4,16,10,1,2,2,1,1,0,0,54.5,Medium Risk
35,2,0,81541,1,3,1,8,5,1,1,1,32,5,7,1,93.5,High Risk
23,4,2,127421,1,2,4,19,2,0,1,3,34,1,5,1,70.5,High Risk
55,3,4,140217,2,1,3,3,3,0,4,1,14,1,9,0,62.5,High Risk
57,2,1,100319,2,3,1,17,1,1,1,3,14,1,9,1,76.5,High Risk
42,0,5,62842,2,4,1,19,1,1,2,2,15,0,9,1,77.5,High Risk
26,0,0,60179,3,4,4,2,8,1,3,1,24,1,2,1,74.5,High Risk
52,0,2,97391,4,2,3,0,2,1,2,3,36,4,1,1,76.0,High Risk
34,2,4,34018,1,4,2,0,8,1,2,1,6,5,6,1,87.5,High Risk
42,1,0,45245,4,2,1,0,8,0,3,2,27,6,9,1,60.5,High Risk
32,1,4,53820,2,4,2,14,11,0,4,4,23,6,1,0,54.0,Medium Risk
26,1,1,39995,2,1,3,18,7,0,1,1,20,5,5,0,71.0,High Risk
50,2,1,59393,4,3,1,2,4,0,4,4,23,2,9,0,44.5,Medium Risk
32,1,3,109698,1,2,4,4,1,0,2,3,5,4,7,1,70.5,High Risk
41,1,1,104507,3,1,2,19,5,0,2,4,36,6,9,1,54.0,Medium Risk
41,3,2,48741,1,2,4,10,8,0,1,4,35,0,3,1,83.0,High Risk
52,3,2,129501,1,2,3,17,11,1,1,3,15,5,3,1,85.5,High Risk
45,4,0,86413,4,1,4,1,5,1,3,4,1,4,0,1,56.5,Medium Risk
27,4,3,128306,1,3,4,0,2,0,2,4,27,0,4,0,80.5,High Risk
28,4,2,71525,1,2,3,19,0,1,3,4,3,3,9,1,66.5,High Risk
46,1,4,56085,4,2,2,18,5,1,4,3,1,6,2,1,47.5,Medium Risk
43,1,4,52323,1,3,2,9,7,0,4,3,1,3,6,1,51.0,Medium Risk
34,1,4,139137,3,3,2,16,8,1,1,4,27,3,3,1,71.5,High Risk
32,1,3,101474,3,1,1,17,7,0,2,4,13,0,8,0,46.5,Medium Risk
30,4,0,65222,4,1,4,19,0,0,2,2,7,1,4,1,23.5,Low Risk
58,4,5,121462,2,4,3,16,3,1,2,1,7,6,6,1,81.0,High Risk
23,1,4,80161,1,2,3,3,11,1,2,2,15,2,6,1,83.5,High Risk
33,1,1,61634,1,3,3,2,2,0,2,4,15,6,7,1,80.0,High Risk
42,0,3,132411,1,2,4,11,8,0,2,3,6,1,1,1,45.0,Medium Risk
42,3,5,89729,2,3,1,16,1,0,2,2,6,6,0,1,63.0,High Risk
42,0,0,42375,3,1,2,2,5,1,1,4,25,6,1,1,76.0,High Risk
37,3,1,100308,1,2,1,0,4,0,3,1,16,6,8,1,88.5,High Risk
53,3,0,90982,1,2,1,6,8,1,2,4,34,2,9,1,94.5,High Risk
39,2,2,25287,3,1,2,15,6,1,4,4,25,4,4,1,77.5,High Risk
50,2,0,71675,1,4,2,8,2,1,1,2,21,6,5,1,76.5,High Risk
22,4,2,34460,4,2,2,14,6,1,1,4,19,6,6,1,76.0,High Risk
46,0,0,138497,2,4,2,17,8,0,2,2,24,3,7,1,69.0,High Risk
55,4,5,88477,1,1,2,0,8,0,3,1,25,6,2,1,76.0,High Risk
30,1,5,79460,2,1,2,13,6,0,4,2,20,1,1,1,45.0,Medium Risk
26,3,5,112954,3,2,2,12,6,0,1,3,10,5,2,1,48.0,Medium Risk
46,1,4,104762,4,3,3,1,10,1,4,1,32,6,0,1,59.5,Medium Risk
46,3,1,37748,2,2,3,13,10,1,4,1,8,0,2,1,62.0,High Risk
21,0,2,132524,2,4,2,15,3,1,4,4,39,4,4,1,80.0,High Risk
39,2,0,35345,4,2,4,4,5,0,4,3,21,2,2,0,24.0,Low Risk
25,4,5,122057,1,4,1,10,8,0,2,2,23,4,5,1,74.0,High Risk
49,2,0,54134,2,1,1,8,2,0,4,1,32,3,5,1,69.5,High Risk
53,0,5,48993,3,4,4,16,3,1,2,1,16,1,8,1,56.5,Medium Risk
58,0,4,116996,4,2,1,13,2,0,2,1,11,1,6,1,60.0,High Risk
51,3,3,74422,3,4,1,8,8,1,2,4,4,6,4,0,36.0,Medium Risk
56,3,5,106422,1,1,1,3,3,1,2,3,32,0,0,1,89.5,High Risk
23,0,0,104211,1,1,4,12,10,1,4,1,18,5,5,1,72.0,High Risk
58,4,5,145737,1,2,3,7,0,0,2,3,15,5,5,1,73.0,High Risk
34,1,4,120849,3,1,2,14,11,0,3,3,19,4,0,0,29.0,Low Risk
26,1,3,145592,3,1,1,13,6,0,4,1,25,3,7,1,31.0,Medium Risk
53,2,2,137470,2,3,2,7,10,1,4,3,3,2,9,1,72.5,High Risk
31,2,2,69036,1,1,2,9,0,1,4,4,7,4,9,1,72.5,High Risk
57,0,3,58037,3,1,3,12,6,0,2,2,12,2,0,1,22.0,Low Risk
43,3,4,86845,3,4,3,14,4,0,2,3,36,1,0,0,32.5,Medium Risk
50,4,2,92231,4,1,4,6,0,1,2,2,31,5,5,1,71.5,High Risk
22,3,2,50095,2,1,2,2,9,1,2,1,36,6,8,1,94.0,High Risk
55,2,1,112438,3,4,1,0,5,1,2,4,11,5,2,1,67.0,High Risk
42,2,1,48906,2,3,3,6,4,1,3,1,16,5,4,1,64.0,High Risk
36,2,0,147778,1,4,1,0,7,1,4,1,17,1,2,1,77.5,High Risk
30,1,1,31305,4,3,1,12,6,1,4,2,7,3,6,1,50.0,Medium Risk
28,2,2,67316,2,2,2,4,10,0,3,1,25,0,1,1,71.0,High Risk
34,1,4,40549,3,3,4,0,9,0,1,2,21,0,7,1,52.0,Medium Risk
59,0,5,50525,1,4,3,6,4,1,2,2,24,1,6,1,74.5,High Risk
25,3,5,124165,4,1,2,5,2,1,3,1,7,2,4,0,50.5,Medium Risk
58,2,5,114959,2,3,3,16,9,1,1,4,26,6,5,1,77.5,High Risk
33,0,1,118715,4,1,4,14,8,1,3,2,24,3,0,0,50.5,Medium Risk
46,2,5,39011,1,2,2,18,8,1,2,3,35,6,2,1,85.5,High Risk
57,0,5,124564,3,4,3,18,9,0,1,2,33,2,4,0,39.0,Medium Risk
52,2,2,28327,4,2,3,3,8,1,3,1,19,0,3,0,49.0,Medium Risk
59,3,2,48666,4,4,4,10,3,0,3,3,22,5,8,0,26.0,Low Risk
34,0,3,38409,3,3,1,2,4,0,3,4,9,6,0,1,40.0,Medium Risk
40,4,4,120500,4,2,3,7,3,0,2,2,4,0,0,1,42.0,Medium Risk
58,1,3,106780,2,1,2,19,7,1,2,4,10,0,1,1,83.5,High Risk
45,3,5,74346,4,3,4,16,10,0,1,2,12,6,2,0,24.5,Low Risk
48,3,3,101436,3,2,2,8,2,1,4,1,26,6,1,1,45.0,Medium Risk
55,3,0,69435,1,2,2,6,5,0,4,3,31,2,8,1,79.5,High Risk
42,4,4,84287,1,2,3,17,7,1,3,4,33,0,0,1,80.0,High Risk
54,4,4,35770,1,2,2,2,4,0,4,3,37,6,7,1,74.5,High Risk
53,4,4,28373,1,4,4,5,2,0,1,1,31,2,5,1,73.5,High Risk
46,4,0,140614,1,4,4,6,4,1,2,1,20,3,1,0,77.0,High Risk
49,4,2,38861,3,2,4,16,8,0,3,2,17,1,8,0,14.5,Low Risk
56,4,5,142275,2,2,4,14,1,1,1,3,23,3,2,1,76.0,High Risk
54,2,1,93309,2,1,3,0,3,0,1,3,39,6,7,1,87.0,High Risk
26,0,0,60186,4,2,2,12,2,0,3,1,28,0,8,0,31.5,Medium Risk
57,3,3,44404,3,3,1,10,7,0,4,3,28,2,4,0,15.0,Low Risk
43,1,5,74241,4,3,4,17,10,1,3,2,19,0,2,0,34.0,Medium Risk
26,3,1,73920,3,2,2,9,7,0,2,3,14,6,6,0,42.5,Medium Risk
28,0,1,115633,2,2,3,1,8,0,2,3,27,5,9,1,91.0,High Risk
57,3,5,33848,1,1,1,4,0,1,4,2,12,4,2,0,69.0,High Risk
51,0,4,123071,3,1,1,9,4,1,2,2,19,4,3,1,77.5,High Risk
37,4,1,53835,3,3,3,1,4,1,2,2,5,1,0,1,72.0,High Risk
26,4,3,101623,4,3,1,2,8,1,3,3,22,3,4,1,79.0,High Risk
24,0,1,138931,2,1,2,9,1,0,3,3,33,1,3,0,83.0,High Risk
56,1,2,53164,2,3,4,10,10,0,3,4,15,1,9,0,33.5,Medium Risk
